drug_name,molecular_weight,n_hba,n_hbd,logp
Saxagliptin,315.194677,4,2,1.15798
Berotralstat,562.2104223,6,3,5.70188
Pentosan polysulfate,601.9223416,17,6,-4.8106
Vorapaxar,492.2424358,5,1,5.6295
Simvastatin,418.2719243,5,1,4.5856
Naltrexone,341.1627082,5,2,1.5254
Promazine,284.1347196,3,0,4.241
Formoterol,344.1736072,5,4,2.2233
Clofarabine,303.0534451,8,3,-0.3494
Deferoxamine,560.3533625,9,6,0.9221
Vinorelbine,778.3941647,11,2,4.7536
Entrectinib,560.2711308,6,3,5.0269
Atenolol,266.1630426,4,3,0.4521
Pentoxifylline,278.1378904,7,0,0.193
Doxylamine,270.1732133,3,0,2.9233
Primidone,218.1055277,2,2,0.5379
Thiethylperazine,399.1802899,5,0,5.0388
Metolazone,365.0600901,4,2,2.71412
Acetohexamide,324.1143781,4,2,2.2098
Quinine,324.183778,4,1,3.1732
Prednisone,358.1780239,5,2,1.7658
Roflumilast,402.0349541,4,1,5.0309
Hydrocortisone,362.2093241,5,3,1.7816
Disulfiram,296.0509326,4,0,3.6212
Isoniazid,137.0589118,3,2,-0.3149
Sulfasalazine,398.0684905,7,3,3.7016
Neratinib,556.1989665,8,2,5.93248
Triamcinolone,394.1791668,6,4,0.6205
Lapatinib,580.1347322,8,2,6.1391
Acebutolol,336.2049074,5,3,2.3655
Epoprostenol,352.2249741,4,3,3.4085
Quazepam,386.0267599,2,0,5.0262
Propranolol,259.1572289,3,2,2.5775
Methimazole,114.0251692,2,1,1.08269
Aluminum hydroxide,77.98975759,3,0,-0.9112
Docetaxel,807.3466054,14,5,3.2596
Ivacaftor,392.2099928,3,3,5.081
Bromocriptine,653.2212815,6,3,3.1928
Deferasirox,373.106256,6,3,3.7107
Warfarin,308.104859,4,1,3.6096
Tolbutamide,270.1038134,3,2,1.78302
Tramadol,263.188529,3,1,2.6346
Eluxadoline,569.2638192,6,4,4.15904
Clemastine,343.1702921,2,0,5.1044
Escitalopram,324.1637915,3,0,3.81298
Carboplatin,371.044498,6,2,0.4932
Kanamycin,484.238058,15,11,-7.2914
Sorafenib,464.0863027,4,3,5.5497
Lactitol,344.1318616,11,9,-5.7612
Efavirenz,315.0273909,2,1,4.0731
Flurbiprofen,244.0899579,1,1,3.6808
Carbamazepine,236.094963,1,1,3.3872
Vandetanib,474.1066663,6,1,5.0042
Imipramine,280.1939488,2,0,3.875
Levocetirizine,388.1553703,4,1,3.1482
Clarithromycin,747.4768913,14,4,2.4397
Darolutamide,398.1258015,6,3,2.67008
Linezolid,337.1437843,5,1,1.1236
Chloroquine,319.1815255,3,1,4.8106
Levodopa,197.0688078,4,4,0.0522
Eribulin,729.4088117,12,2,3.438
Clotrimazole,344.1080262,2,0,5.3767
Alfuzosin,389.2063043,8,2,1.3507
Dicoumarol,336.0633881,6,2,2.9014
Estramustine,439.1680992,3,1,5.182
Amikacin,585.2857364,17,13,-8.4242
Cisplatin,298.9555947,2,2,1.7005
Doxepin,279.1623143,2,0,3.9624
Losartan,422.162187,6,2,4.2668
Acetylsalicylic acid,180.0422587,3,1,1.3101
Imatinib,493.2590086,7,2,4.59032
Delavirdine,456.1943598,6,3,2.7171
Nelfinavir,567.3130779,6,4,4.74762
Bexarotene,348.2089301,1,1,6.10372
Goserelin,1268.641439,16,17,-3.1057
Lactulose,342.1162115,11,8,-5.3956
Chlorpropamide,276.033541,3,2,1.7379
Metamfetamine,149.1204495,1,1,1.837
Budesonide,430.2355388,6,2,2.7168
Cetirizine,388.1553703,4,1,3.1482
Oxazepam,286.0509053,3,2,2.4479
Prochlorperazine,373.1379464,4,0,4.5802
Trichlormethiazide,378.9021808,5,3,0.821
Indacaterol,392.2099928,4,4,3.1489
Donepezil,379.2147438,4,0,4.3611
Ranitidine,314.1412616,7,2,1.459
Nabilone,372.266445,3,1,6.264
Sitagliptin,407.1180794,5,1,2.0165
Brigatinib,583.2591378,9,2,5.09
Methylprednisolone,374.2093241,5,3,1.8036
Dabrafenib,519.1010515,7,2,5.3649
Grazoprevir,766.3359982,11,3,3.3019
Perphenazine,403.1485111,5,1,3.9427
Magnesium citrate,449.9621801,14,2,-11.6476
Tipranavir,602.2062278,6,2,7.3255
Magnesium oxide,39.97995632,0,0,-0.4996
Sirolimus,913.5551416,13,3,6.1806
Lasmiditan,377.1351115,4,1,3.2757
Fludrocortisone,380.1999022,5,3,1.8737
Monomethyl fumarate,130.0266087,3,1,-0.1998
Everolimus,957.5813563,14,3,6.1972
Nilotinib,529.183793,7,2,6.35584
Oxybutynin,357.2303939,4,1,3.3429
Amiloride,229.0478856,6,5,-1.08233
Mepyramine,285.1841124,4,0,2.6584
Lurbinectedin,784.2778146,14,4,4.18894
Glipizide,445.1783753,6,3,2.07812
Deserpidine,578.2628162,9,1,4.1625
Eszopiclone,388.1050661,7,0,1.568
Ivosidenib,582.1394009,6,1,4.32458
Mesalazine,153.0425931,3,3,0.6726
Chloramphenicol,322.0123268,5,3,0.909
Fosphenytoin,362.0667728,4,3,1.5488
Promethazine,284.1347196,3,0,4.2394
Chlorcyclizine,300.1393264,2,0,3.6768
Ceritinib,557.2227387,8,3,6.36192
Remdesivir,602.2253987,13,4,2.31218
Megestrol acetate,384.2300595,4,0,4.5753
Linagliptin,472.2335221,10,1,1.14742
Terfenadine,471.3137296,3,2,6.4458
Propofol,178.1357652,1,1,3.639
Erythromycin,733.4612412,14,5,1.7856
Dexamethasone,392.1999022,5,3,1.8957
Lanthanum carbonate,457.7669382,9,0,-7.341
Clozapine,326.1298243,4,1,3.7227
Methdilazine,296.1347196,3,0,4.241
Dronabinol,314.2245802,2,1,5.7358
Lumateperone,393.2216407,4,0,3.9165
Hyoscyamine,289.1677936,4,1,1.9309
Asenapine,285.0920418,2,0,4.2585
Albendazole,265.0884977,4,2,3.2433
Bosentan,551.1838546,10,2,4.2039
Scopolamine,303.1470582,5,1,0.9181
Esomeprazole,345.1147125,5,1,2.89974
Duvelisib,416.1152368,6,2,4.4835
Dihydrocodeine,301.1677936,4,1,1.7251
Picosulfuric acid,437.0239084,7,2,2.625
Tioguanine,167.0265662,4,3,0.59769
Oxaprozin,293.1051933,3,1,4.0258
Bupropion,239.1076919,2,1,3.2993
Phentolamine,281.1528122,4,2,2.84042
Valsartan,435.2270398,5,2,4.1617
Miglitol,207.1106726,6,5,-3.2621
Cyclosporine,1201.841368,12,5,3.269
Bedaquiline,554.1568903,4,1,7.1305
Trimethadione,143.0582431,3,0,0.3736
Codeine,299.1521435,4,1,1.5011
Isosorbide mononitrate,191.042987,6,1,-1.2782
Quetiapine,383.166748,6,1,2.856
Buprenorphine,467.3035588,5,2,4.4138
Pirbuterol,240.1473925,5,4,0.701
Alimemazine,298.1503697,3,0,4.487
Valganciclovir,354.1651678,10,4,-1.4367
Ibrutinib,440.196074,7,1,4.2173
Lomefloxacin,351.1394479,5,2,1.7959
Glasdegib,374.1855093,4,3,3.39158
Ethinylestradiol,296.17763,2,2,3.6126
Tetracycline,444.1532657,9,6,-0.2144
Oxtriphylline,283.1644395,6,1,-1.7257
Amphotericin B,923.4878499,17,12,0.7117
Fostamatinib,580.1482913,12,4,3.0945
Ethanol,46.04186481,1,1,-0.0014
Ertugliflozin,436.1288808,7,4,1.3565
Apremilast,460.1304221,7,1,2.4342
Gatifloxacin,375.1594344,6,2,1.9804
Attapulgite,411.868431,1,0,-6.9484
Zafirlukast,575.2090068,7,2,5.69592
Metronidazole,171.0643911,5,1,0.09202
Sevoflurane,200.0072123,1,0,2.4232
Magnesium hydroxide,57.990521,2,0,-0.7344
Niraparib,320.1637113,4,2,2.5914
Sarecycline,487.1954649,10,5,0.1138
Azatadine,290.1782987,2,0,3.7077
Cholecalciferol,384.339216,1,1,7.619
Methylphenobarbital,246.1004423,3,1,1.0426
Niacin,123.0320284,2,1,0.7798
Levonorgestrel,312.2089301,2,1,3.8826
Beclomethasone dipropionate,520.2227812,7,1,4.0868
Hydrochlorothiazide,296.9644754,5,3,-0.3513
Didanosine,236.0909402,6,2,-0.2105
Ixazomib,360.0814928,4,4,1.2661
Betamethasone,392.1999022,5,3,1.8957
Zidovudine,267.0967539,6,2,-0.19628
Voriconazole,349.1150447,6,1,2.1769
Prednisolone,360.193674,5,3,1.5576
Disopyramide,339.2310625,3,1,3.3619
Vilanterol,485.1735785,6,4,4.6081
Nisoldipine,388.1634365,7,1,3.2018
Magnesium sulfate,119.9367712,4,0,-1.7188
Phenylpropanolamine,151.099714,2,2,1.0672
Clopidogrel,321.0590274,4,0,3.6739
Selexipag,496.2144265,7,1,3.898
Gabapentin,171.1259288,2,2,1.3703
Carisoprodol,260.1736072,4,2,2.0227
Chlorpheniramine,274.1236763,2,0,3.8186
Lansoprazole,369.0758823,4,1,3.51522
Thiopental,242.1088988,3,2,1.3499
Cobimetinib,531.0630596,4,3,3.7811
Liothyronine,650.7900519,4,3,3.9527
Rosiglitazone,357.1147125,6,1,2.4909
Ethotoin,204.0898776,2,1,1.2994
Triprolidine,278.1782987,2,0,3.91752
Aripiprazole,447.1480325,4,1,4.8593
Desmopressin,1068.426955,15,14,-4.13203
Fluconazole,306.1040654,7,1,0.7358
Clobazam,300.0665553,2,0,3.3712
Glyburide,493.1438197,5,3,3.6417
Chlorambucil,303.0792842,2,1,3.3779
Fludarabine,285.0873321,9,4,-1.8409
Icosapent,302.2245802,1,1,5.9927
Prasugrel,373.1147927,5,0,3.891
Lovastatin,404.2562743,5,1,4.1955
Mitoxantrone,444.2008846,10,8,-0.1392
Nitazoxanide,307.0262914,7,1,2.2289
Olanzapine,312.1408676,5,1,3.43922
Empagliflozin,450.1445309,7,4,1.6134
Oxaliplatin,397.060148,6,2,-0.7861
Etodolac,287.1521435,2,2,3.383
Tamoxifen,371.2249145,2,0,5.9961
Alpelisib,441.1446306,5,2,3.83502
Tinidazole,247.0626769,6,0,0.53442
Crizotinib,449.1185439,6,2,5.0377
Canagliflozin,444.1406731,6,4,2.96832
Chromium picolinate,418.0131176,9,0,-1.6672
Ciprofloxacin,331.1332197,5,2,1.5833
Kaolin,257.902462,7,0,-10.375
Ipratropium,332.2220202,3,1,2.8541
Amoxapine,313.0981898,4,1,3.4292
Perindopril,368.2311221,5,2,1.9406
Trabectedin,761.2618302,15,4,3.41324
Tolazamide,311.1303625,4,2,1.77392
Digoxin,780.4296067,14,6,2.2181
Polythiazide,438.9708812,6,2,1.655
Rolapitant,500.1898474,3,2,5.7295
Tedizolid,370.1189666,8,1,1.3957
Gemifloxacin,389.1499323,8,2,0.966
Calcium carbonate,99.94733484,3,0,-2.8278
Paclitaxel,853.3309553,14,4,3.7357
Fluvoxamine,318.1555126,4,1,3.2015
Ozanimod,404.1848406,7,2,3.63168
Osimertinib,499.2695733,8,2,4.5098
Elagolix,631.2105622,7,2,5.53502
Topotecan,421.1637708,8,2,1.8468
Capmatinib,412.1447874,6,1,3.429
Ketoconazole,530.1487607,7,0,4.2058
Triptorelin,1310.630875,15,18,-2.08513
Arsenic trioxide,197.8279369,3,0,-1.0676
Glycerin,92.04734412,3,3,-1.6681
Aprepitant,534.1501881,5,2,4.9521
Phenylbutazone,308.1524779,2,0,3.7878
Gilteritinib,552.3536373,10,3,2.6972
Fosaprepitant,614.1165186,7,3,4.3663
Dezocine,245.1779644,2,2,3.1136
Oritavancin,1790.564106,28,20,4.4952
Encorafenib,539.1517792,9,3,3.9084
Cariprazine,426.195317,3,1,4.3355
Abemaciclib,506.2717995,8,1,4.93692
Atropine,289.1677936,4,1,1.9309
Acrivastine,348.183778,3,1,4.01532
Ketorolac,255.0895433,3,1,2.291
Dexfenfluramine,231.1234842,1,1,3.2459
Tetracosactide,2931.580641,39,42,-7.96449
Oliceridine,386.2027992,5,1,4.6926
Aliskiren,551.3934364,7,4,3.2935
Oxycodone,315.1470582,5,1,1.0482
Bicalutamide,430.0610408,5,2,2.87958
Gentamicin,1389.901796,36,24,-10.8924
Indium In-111 oxyquinoline,543.0399194,6,0,3.5444
Troglitazone,441.160994,6,2,4.37426
Cyclophosphamide,260.0248197,2,1,1.884
Diltiazem,414.1613283,6,0,3.3685
Dapagliflozin,408.1339662,6,4,1.8444
Romidepsin,540.2076269,8,4,1.4296
Cobicistat,775.3549598,10,3,6.0007
Minocycline,457.1849002,9,5,0.1866
Miconazole,413.9860238,3,0,6.4548
Drospirenone,366.2194948,3,0,4.3059
Acarbose,645.2480135,19,14,-8.7219
Trovafloxacin,416.109625,6,2,1.8945
Daunorubicin,527.1791461,11,5,1.0289
Terbutaline,225.1364935,4,4,1.5193
Famotidine,337.0449357,6,4,-0.768
Histrelin,1442.709519,18,18,-0.60523
Baclofen,213.0556563,2,2,1.857
Sodium sulfate,141.931268,4,0,-7.33
Floxuridine,246.0651997,6,3,-1.6836
Cytarabine,243.0855205,8,4,-2.563
Fexofenadine,501.2879087,4,3,5.5105
Pazopanib,437.163394,8,2,3.13904
Olodaterol,386.1841719,6,4,2.376
Amantadine,151.1360995,1,1,1.9139
Repaglinide,452.2675076,4,2,5.2199
Diclofenac,295.016684,2,2,4.3641
Procarbazine,221.1528122,3,3,1.0488
Caffeine,194.0803756,6,0,-1.0293
Theophylline,180.0647255,5,1,-1.0397
Cilostazol,369.2164751,6,1,3.4647
Deoxycholic acid,392.2926598,3,3,4.4779
Ephedrine,165.1153641,2,2,1.3279
Sodium citrate,257.9728353,7,1,-14.2406
Rifabutin,846.4415088,14,5,4.61572
Flunisolide,434.2104669,6,2,2.2747
Calcitriol,416.3290453,3,3,5.7047
Magnesium gluconate,450.1071265,14,10,-11.6858
Nafcillin,414.1249428,5,2,2.4838
Citalopram,324.1637915,3,0,3.81298
Flutamide,276.0721769,3,1,3.2081
Relugolix,623.1762444,11,2,3.7505
Meperidine,247.1572289,3,0,2.2131
Galantamine,287.1521435,4,1,1.8503
Tofacitinib,312.1698593,5,1,1.54478
Rofecoxib,314.0612799,4,0,2.5577
Levofloxacin,361.1437843,6,1,1.544
Palbociclib,447.2382732,9,2,2.96582
Doxazosin,451.1855689,9,1,1.7178
Iloprost,360.2300595,3,3,3.5413
Eltrombopag,442.1641052,6,3,4.56484
Flavoxate,391.1783583,5,0,4.41112
Revefenacin,597.3315049,6,2,4.836
Isosorbide dinitrate,236.0280652,8,0,-1.0622
Diphenhydramine,255.1623143,2,0,3.3542
Ticarcillin,384.0449782,6,3,0.548
Triazolam,342.0439017,4,0,4.23352
Sertraline,305.0738049,1,1,5.1796
Mephenytoin,218.1055277,2,1,1.4735
Diazepam,284.0716407,2,0,3.1538
Gefitinib,446.1520965,7,1,4.2756
Ubrogepant,549.1987744,5,2,3.5306
Artesunate,384.1784179,7,1,2.6024
Enasidenib,473.1398775,8,3,4.2926
Pitolisant,295.1702921,2,0,4.1652
Chlorthalidone,338.0128055,4,3,0.9242
Methotrexate,454.1713158,9,6,0.09877
Dimethyl fumarate,144.0422587,4,0,-0.1114
Febuxostat,316.0881634,5,1,3.7232
Medroxyprogesterone acetate,386.2457096,4,0,4.6552
Salsalate,258.0528234,4,2,2.3096
Mexiletine,179.1310142,2,1,2.02944
Lorcaserin,195.0814771,1,1,2.5892
Thalidomide,258.0640568,4,1,0.0878
Azithromycin,748.5085257,14,5,1.9007
Mycophenolic acid,320.1259884,5,2,2.73322
Benzthiazide,430.9834966,6,2,2.2427
Pimozide,461.227869,3,1,5.857
Fosinopril,563.3011894,6,1,6.1213
Enzalutamide,464.0930096,4,1,3.99248
Diatrizoate,613.7696508,3,3,3.1154
Phenylephrine,167.0946287,3,3,0.645
Sibutramine,279.1753775,1,0,4.738
Abarelix,1414.684071,16,13,1.168
Montelukast,585.2104427,4,2,8.948
Hydroxyurea,76.02727737,2,3,-0.9561
Perflutren,187.9872258,0,0,2.7463
Alogliptin,339.1695249,7,1,0.39448
Bictegravir,449.1198553,6,2,1.6344
Esmolol,295.1783583,5,2,1.5299
Iodipamide,1139.512024,4,4,6.8482
Phendimetrazine,191.1310142,2,0,2.0782
Torasemide,348.1256115,5,3,2.52992
Phenytoin,252.0898776,2,2,1.7696
Zolpidem,307.1684623,3,0,3.24884
Ticagrelor,522.1860808,11,4,2.0137
Copanlisib,480.2233514,11,2,0.6618
Macimorelin,474.2379388,4,6,1.8448
Hydralazine,160.0748963,4,2,0.9154
Ethosuximide,141.0789786,2,1,0.4492
Pentoxyverine,333.2303939,4,0,3.4
Pseudoephedrine,165.1153641,2,2,1.3279
Pramlintide,3946.920674,59,56,-23.82513
Nifedipine,346.1164863,7,1,2.1756
Midostaurin,570.2267054,6,1,5.9068
Axitinib,386.1201322,4,2,4.6391
Eslicarbazepine,254.1055277,2,2,2.4929
Lusutrombopag,590.1408985,6,2,8.5236
Troleandomycin,813.4510704,16,0,3.6209
Phenyl salicylate,214.0629942,3,1,2.6114
Ibandronate,319.0949753,4,5,0.5
Mannitol,182.0790382,6,6,-3.5854
Naloxone,327.1470582,5,2,1.3014
Bendroflumethiazide,421.0377826,5,3,1.6254
Rifampicin,822.4051233,15,6,4.33542
Amobarbital,226.1317424,3,2,1.185
Quinestrol,364.2402303,2,1,5.2284
Exemestane,296.17763,2,0,4.0295
Amprenavir,505.2246568,7,3,2.4028
Apixaban,459.1906543,6,1,2.6996
Diethylpropion,205.1466642,2,0,2.5996
Isoprenaline,211.1208434,4,4,1.1292
Radium Ra 223 dichloride,292.9562076,0,0,-5.992
Atorvastatin,558.2530004,5,4,6.3136
Bumetanide,364.1092927,5,3,3.0365
Estrone,270.1619799,2,1,3.8174
Telaprevir,679.4057324,8,4,2.4459
Metformin,129.1014454,2,4,-1.03416
Sotalol,272.1194635,4,3,1.0895
Levamlodipine,408.1451996,7,2,2.2663
Palonosetron,296.1888634,2,0,2.6565
Pioglitazone,356.1194635,5,1,3.1596
Triflupromazine,352.1221043,3,0,5.2598
Lanreotide,1095.467029,14,13,0.8216
Benznidazole,260.0909402,5,1,1.1077
Telithromycin,811.4731433,14,1,4.9292
Bisoprolol,325.2253085,5,2,2.3659
Apalutamide,477.0882586,5,1,3.53158
Triclabendazole,357.9501169,3,1,6.0373
Epinephrine,183.0895433,4,4,0.3506
Folic acid,441.1396813,9,6,-0.0448
Chlordiazepoxide,299.0825397,3,1,2.9507
Rucaparib,323.1433904,2,3,2.9793
Vemurafenib,489.0725466,4,2,5.5442
Lorlatinib,406.1553521,7,1,2.80068
Trazodone,371.151288,6,0,2.3617
Salbutamol,239.1521435,4,4,1.306
Dihydrotachysterol,398.3548661,1,1,7.7209
Magnesium chloride,93.92274706,0,0,-6.3728
Lindane,287.8600663,0,0,3.6444
Tripelennamine,255.1735477,3,0,2.6498
Tiagabine,375.132671,4,1,5.04484
Toremifene,405.1859422,2,0,6.215
Dicyclomine,309.2667794,3,0,4.4022
Ambenonium,536.2673848,2,2,4.6392
Flecainide,414.1378118,4,2,3.4407
Isotretinoin,300.2089301,1,1,5.6026
Glycopyrronium,318.2063702,3,1,2.4563
Molindone,276.183778,3,1,1.96282
Celecoxib,381.0758823,4,1,3.51392
Riociguat,422.1615001,9,2,2.4427
Ergocalciferol,396.339216,1,1,7.641
Secobarbital,238.1317424,3,2,1.3511
Temsirolimus,1029.602486,16,4,5.7224
Selinexor,443.0929273,7,2,3.3867
Terazosin,387.1906543,8,1,1.0568
Conivaptan,498.2055761,3,2,6.50732
Sunitinib,398.2118043,3,3,3.33494
Brivaracetam,212.1524779,2,1,0.8989
Hydromorphone,285.1364935,4,1,1.6303
Griseofulvin,352.0713659,6,0,2.8103
Ergotamine,581.2638192,6,3,1.9908
Bisacodyl,361.1314081,5,0,4.1124
Physostigmine,275.1633769,4,1,1.7739
Enoxacin,320.1284686,6,2,0.6633
Balsalazide,357.0960852,6,4,2.7103
Risperidone,410.2118043,6,0,3.59042
Suvorexant,450.1571017,7,0,4.11132
Pramipexole,211.1143185,4,2,1.5822
Cimetidine,252.1157155,4,3,0.5974
Urea,60.03236275,1,2,-0.9762
Maraviroc,513.3279174,5,1,5.95092
Tolvaptan,448.1553703,3,2,5.68314
Levetiracetam,170.1055277,2,1,-0.1273
Paricalcitol,416.3290453,3,3,5.5606
Magnesium carbonate,83.96978556,3,0,-2.8278
Doxorubicin,543.1740607,12,6,0.0013
Ritonavir,720.3127606,9,4,5.9052
Oxacillin,401.1045417,6,2,1.89532
Estradiol,272.17763,2,2,3.6092
Diclofenamide,303.914604,4,2,0.2882
Phenolphthalein,318.0892089,4,2,3.5601
Aminoglutethimide,232.1211778,3,2,1.3532
Guanfacine,245.0122673,2,3,1.54557
Oxamniquine,279.1582915,5,3,1.8118
Ibuprofen,206.1306798,1,1,3.0732
Plazomicin,592.3431917,15,11,-5.3611
Diphenoxylate,452.2463783,4,0,5.48328
Epirubicin,543.1740607,12,6,0.0013
Umeclidinium,428.2584057,2,1,5.14
Amiodarone,645.0236898,4,0,6.9362
Dapsone,248.0619486,4,2,1.6838
Buspirone,385.2477752,6,0,2.0882
Furosemide,330.0077201,5,3,1.8907
Rilpivirine,366.1592946,6,2,4.9891
Carteolol,292.1786926,4,3,1.6991
Olaparib,434.1754188,4,1,2.3474
Duloxetine,297.1187352,3,1,4.6309
Phenyltoloxamine,255.1623143,2,0,3.2178
Pantoprazole,383.0751334,6,1,2.8843
Lumacaftor,452.1183781,5,2,4.74702
Ethionamide,166.0564693,2,1,1.2782
Telbivudine,242.0902715,6,3,-1.51428
Pomalidomide,273.0749558,5,2,-0.33
Meclizine,390.1862765,2,0,5.55562
Propantheline,368.2220202,3,0,4.7308
Degarelix,1630.748797,18,17,1.5147
Streptomycin,581.2656697,15,14,-7.74176
Nimodipine,418.1740012,8,1,2.9708
Loperamide,476.223056,3,1,5.088
Chlorphenesin,202.0396719,3,2,1.072
Zonisamide,212.0255631,4,1,0.6163
Idarubicin,497.1685814,10,5,1.0203
Idelalisib,415.1556864,7,2,3.7543
Dasatinib,487.1557218,9,3,3.31354
Primaquine,259.1684623,4,2,2.7827
Nevirapine,266.1167611,4,1,2.65122
Brexpiprazole,433.1823981,5,1,4.724
Anagrelide,254.9966172,3,1,1.9263
Acetaminophen,151.0633285,2,2,1.3506
Pindolol,248.1524779,3,3,1.9056
Iron,55.9349375,0,0,-0.0025
Deferiprone,139.0633285,3,1,0.39932
Meclofenamic acid,295.016684,2,2,4.74362
Astemizole,458.2481898,5,1,5.3513
Lisdexamfetamine,263.1997624,3,3,1.1901
Ribociclib,434.2542576,8,2,2.7964
Letrozole,285.1014454,5,0,2.65916
Pirfenidone,185.084064,2,0,2.14592
Metoprolol,267.1834437,4,2,1.6132
Calcium lactate,218.010329,6,2,-4.1466
Diazoxide,229.9916761,3,1,1.8726
Amifostine,214.0541,4,4,-0.2493
Piroxicam,331.0626769,5,2,1.581
Secnidazole,185.0800412,5,1,0.48052
Perampanel,349.1215121,4,0,4.43818
Trandolapril,430.2467722,5,2,2.7733
Safinamide,302.1430561,3,2,2.3681
Iohexol,820.8803234,9,8,-1.6275
Oxcarbazepine,252.0898776,2,1,2.6422
Larotrectinib,428.1772304,6,2,2.9475
Nebivolol,405.1751647,5,3,2.3636
Orciprenaline,211.1208434,4,4,1.1292
Acetazolamide,221.9881321,6,2,-0.8561
Salmeterol,415.2722587,5,4,4.1074
Felbamate,238.0953569,4,2,0.9608
Fenoprofen,242.0942943,2,1,3.667
Fluorouracil,130.0178556,2,2,-0.7977
Cabazitaxel,835.3779055,14,3,4.5678
Dolasetron,324.1473925,4,1,2.519
Levosalbutamol,239.1521435,4,4,1.306
Apomorphine,267.1259288,3,2,2.8499
Venlafaxine,277.2041791,3,1,3.0356
Ruxolitinib,306.1592946,5,1,3.46638
Mefenamic acid,241.1102787,2,2,3.74524
Ospemifene,378.1386577,2,1,5.6457
Brompheniramine,318.0731607,2,0,3.9277
Estazolam,294.067224,4,0,3.2717
Cyclobenzaprine,275.1673997,1,0,4.5538
Temozolomide,194.0552234,7,1,-2.0781
Busulfan,246.0231802,6,0,-0.281
Dronedarone,556.2970935,6,1,7.049
Fluphenazine,437.1748681,5,1,4.3081
Cyclizine,266.1782987,2,0,3.0234
Letermovir,572.2046683,7,1,5.7074
Methyltestosterone,302.2245802,2,1,4.2693
Paliperidone,426.2067189,7,1,3.08132
Lumefantrine,527.1549477,2,1,9.1517
Ritodrine,287.1521435,4,4,2.352
Butabarbital,212.1160924,3,2,0.7949
Minoxidil,209.1276601,5,2,-0.1303
Ganciclovir,255.0967539,8,4,-1.9709
Dopamine,153.0789786,3,3,0.599
Pemetrexed,427.1491834,6,6,0.6664
Hydroxyzine,374.1761058,4,1,3.0559
Trimethobenzamide,388.199822,6,1,2.5828
Orlistat,495.3923738,5,1,6.8819
Vismodegib,420.0102187,4,1,4.7112
Nelarabine,297.1073186,10,4,-1.9714
Rifapentine,876.4520735,15,6,5.64822
Carfilzomib,719.4257992,8,4,2.5835
Mazindol,284.0716407,3,1,2.6092
Felodipine,383.0691134,5,1,3.9643
Phenobarbital,232.0847922,3,2,0.7004
Clonazepam,315.0410689,4,1,3.0377
Flibanserin,390.166746,4,1,3.1706
Chenodeoxycholic acid,392.2926598,3,3,4.4779
Esketamine,237.0920418,2,1,2.8978
Vinblastine,810.4203794,12,3,3.9909
Procainamide,235.1684623,3,2,1.3404
Iodixanol,1549.713303,15,13,-1.5869
Calcium citrate,497.8948279,14,2,-11.6476
Ifosfamide,260.0248197,2,1,1.884
Rivaroxaban,435.0655694,6,1,2.5199
Norfloxacin,319.1332197,5,2,1.2683
Dextropropoxyphene,339.2198292,3,0,4.2755
Ioxilan,790.8697587,8,7,-0.9884
Paramethadione,157.0738932,3,0,0.7637
Anastrozole,293.1640456,5,0,2.92876
Valbenazine,418.2831577,6,1,3.5641
Histamine,111.0796473,2,2,-0.0891
Mebendazole,295.0956913,4,2,2.9722
Haloperidol,375.1401349,3,1,4.4256
Treprostinil,390.2406242,4,3,3.5832
Levothyroxine,776.6866998,4,3,4.5573
Gemfibrozil,250.1568946,2,1,3.57324
Bivalirudin,2178.985813,29,28,-8.11643
Metoclopramide,299.1400546,4,2,2.0024
Ziprasidone,412.11246,5,1,3.809
Olsalazine,302.053886,6,4,2.9096
Doxacurium,1034.534037,16,0,7.7098
Desvenlafaxine,263.188529,3,2,2.7326
Bendamustine,357.1010823,4,1,3.2646
Mitotane,317.953661,0,0,5.929
Methylergometrine,339.194677,3,3,1.9247
Nilutamide,317.0623405,4,1,2.4484
Telavancin,1753.637429,28,23,2.6922
Fedratinib,524.25696,8,3,4.82362
Benzatropine,307.1936144,2,0,4.4178
Dexbrompheniramine,318.0731607,2,0,3.9277
Rivastigmine,250.1681279,3,0,2.7597
Tacrolimus,803.4819766,12,3,4.639
Succinylcholine,290.2194603,4,0,0.2654
Valdecoxib,314.0725133,4,1,2.96442
Diethylstilbestrol,268.1463299,2,2,4.8286
Deflazacort,441.2151377,7,1,2.5632
Sparfloxacin,392.165997,6,3,2.0816
Etidronic acid,205.9745259,3,5,-0.9922
Methotrimeprazine,328.1609344,4,0,4.4956
Pravastatin,424.2461035,6,4,2.4404
Omeprazole,345.1147125,5,1,2.89974
Nitrous acid,47.00072827,2,1,0.142
Maprotiline,277.1830497,1,1,4.2114
Fondaparinux,1506.951333,39,19,-13.7501
Nintedanib,539.2532545,7,2,3.6159
Atazanavir,704.389748,9,5,4.2116
Nadolol,309.1940083,5,4,0.6348
Anisindione,252.0786442,3,0,2.858
Ripretinib,509.0862652,5,3,5.6707
Milnacipran,246.1732133,2,1,1.7714
Siponimod,516.2599776,4,1,6.7727
Dofetilide,441.139213,6,2,1.9829
Iodide I-131,130.9066732,0,0,-2.996
Chlormezanone,273.0226419,3,0,1.6155
Trimipramine,294.2095988,2,0,4.121
Chlorothiazide,294.9488254,5,2,0.1299
Reserpine,608.2733809,10,1,4.1711
Dimenhydrinate,469.1880674,7,1,2.9679
Hydrocodone,299.1521435,4,0,1.9333
Irbesartan,428.2324595,5,1,4.7774
Irinotecan,586.2791349,9,1,4.0911
Abiraterone,349.2405646,2,1,5.3986
Alprazolam,308.0828741,4,0,3.58012
Methoxyflurane,163.9607265,1,0,2.0293
Ondansetron,293.1528122,4,0,3.12852
Norgestimate,369.2303939,4,1,4.7145
Belinostat,318.0674279,4,3,2.006
Lurasidone,492.2558974,6,0,4.2558
Nabumetone,228.1150298,2,0,3.37
Osilodrostat,227.0858755,3,0,2.42948
Itraconazole,704.2393071,12,0,5.5773
Indinavir,613.362805,7,4,2.8669
Bosutinib,529.1647451,8,1,5.19038
Betaxolol,307.2147438,4,2,2.3934
Sevelamer,149.0607417,2,1,0.7551
Dexlansoprazole,369.0758823,4,1,3.51522
Lisinopril,405.2263711,5,4,1.2352
Lofexidine,258.0326684,3,1,2.7624
Acetylcholine,146.1175552,2,0,0.2557
Carbinoxamine,290.1185909,3,0,3.4026
Remifentanil,376.199822,6,0,2.0003
Isoxsuprine,301.1677936,4,3,2.8712
Selegiline,187.1360995,1,0,2.1826
Eliglustat,404.2675076,5,2,3.4323
Neostigmine,223.1441043,2,0,1.9437
Sulfamethizole,270.0245176,6,2,1.22952
Saquinavir,670.3842687,7,5,3.0924
Pentamidine,340.189926,4,4,2.88284
Estrone sulfate,350.1187948,4,1,3.2934
Oxytetracycline,460.1481803,10,7,-1.2436
Aminophylline,420.1981992,12,4,-3.1756
Capecitabine,359.1492636,8,3,0.7602
Methylene blue,319.0909963,3,0,0.8666
Vincristine,824.399644,12,3,3.5175
Colchicine,399.1681875,6,1,2.8716
Indomethacin,357.0767857,4,1,3.92732
Paritaprevir,765.2944677,10,3,3.63692
Sucralfate,1557.604596,54,19,-22.2305
Teniposide,656.1563621,14,3,2.7529
Choline salicylate,241.1314081,4,2,-0.5594
Grepafloxacin,359.1645198,5,2,2.28022
Ixabepilone,506.2814434,7,3,4.05052
Ropinirole,260.1888634,2,1,2.8457
Mefloquine,378.1166825,3,2,4.4479
Darunavir,547.2352215,8,3,2.3753
Captopril,217.0772643,3,2,0.6279
Glycerol phenylbutyrate,530.2668389,6,0,6.0533
Praziquantel,312.183778,2,0,2.5349
Rapacuronium,597.4625849,5,0,6.9122
Methazolamide,236.0037821,6,1,-1.4238
Paroxetine,329.1427217,4,1,3.3265
Binimetinib,440.0295589,6,3,3.0113
Trospium,392.2220202,3,1,3.7697
Norethisterone,298.1932801,2,1,3.4925
Azathioprine,277.0381935,8,1,1.1458
Lidocaine,234.1732133,2,1,2.58374
Darifenacin,426.2307282,3,1,3.9575
Semaglutide,4111.115377,56,57,-11.62786
Protriptyline,263.1673997,1,1,4.3019
Calcifediol,400.3341306,2,2,6.7339
Talazoparib,380.1197155,6,2,2.6285
Benazepril,424.199822,5,2,2.5731
Lorazepam,320.0119329,3,2,3.1013
Tetracaine,264.183778,4,1,2.617
Kava,232.1099444,3,0,2.6648
Thiotepa,189.048955,1,0,0.1577
Linaclotide,1525.389921,26,19,-5.9392
Vilazodone,441.2164751,5,2,4.02958
Nitroprusside,215.9493933,7,0,0.2985
Naproxen,230.0942943,2,1,3.0365
Baloxavir marboxil,571.1224775,10,0,3.3912
Ferrous gluconate,446.0358929,14,10,-9.6581
Amyl Nitrite,117.0789786,3,0,1.8746
Demeclocycline,464.0986433,9,6,0.2649
Pralidoxime,137.0709393,2,1,0.3192
Mivacurium,1028.559858,14,0,9.029
Nalbuphine,357.1940083,5,3,1.7073
Granisetron,312.1950114,4,1,2.3184
Benzhydrocodone,403.1783583,5,0,3.715
Flurazepam,387.1513683,3,0,4.0049
Erlotinib,393.1688562,7,1,3.4051
Ticlopidine,263.0535481,2,0,3.9598
Modafinil,273.0823497,2,1,2.01
Calcium gluconate,430.0635464,14,10,-10.0364
Ibutilide,384.244664,4,2,4.164
Timolol,316.1569116,8,2,0.5025
Solifenacin,362.1994281,3,0,3.8649
Hydroxychloroquine,335.1764401,4,2,3.783
Pralatrexate,477.1760668,9,5,0.9816
Ketoprofen,254.0942943,2,1,3.1057
Methscopolamine,318.1699847,4,1,1.0627
Cenobamate,267.0523022,6,1,1.1631
Pentobarbital,226.1317424,3,2,1.185
Zalcitabine,211.0956913,6,2,-0.5046
Levobupivacaine,288.2201635,2,1,3.89654
Tucatinib,480.202222,10,2,5.09352
Betrixaban,451.1411172,5,3,4.13517
Trifluoperazine,407.1643034,4,0,4.9456
Ivermectin,1735.000064,28,6,10.8127
Vibegron,444.2161408,6,3,2.766
Clomipramine,314.1549764,2,0,4.5284
Activated charcoal,12.0,0,0,0.08129
Lefamulin,507.3018445,7,3,3.8668
Vitamin E,430.3810808,2,1,8.84026
Ezogabine,303.138305,4,3,3.5884
Rufinamide,238.0666173,4,1,0.7035
Ranolazine,427.2471065,6,2,2.30804
Vardenafil,488.2205745,8,1,2.07042
Posaconazole,700.3297083,12,1,4.5732
Dactinomycin,1254.628475,18,5,0.72564
Eletriptan,382.1714991,3,1,3.821
Diflunisal,250.0441506,2,2,3.0356
Etacrynic acid,302.0112642,3,1,3.6057
Lithium carbonate,74.01675296,3,0,-8.439
Ramipril,416.2311221,5,2,2.3832
Levorphanol,257.1779644,2,1,3.0804
Mepenzolate,340.1907201,3,1,2.7045
Bacitracin,1421.748941,19,17,-1.6776
Vecuronium,557.4312847,5,0,5.9659
Plicamycin,1084.472653,24,11,-0.24928
Ioflupane I-123,427.0768712,3,0,3.7603
Methadone,309.2092645,2,0,4.292
Tadalafil,389.1375561,4,1,2.2113
Cabozantinib,501.1699991,6,2,5.5408
Flucytosine,129.03384,3,2,-0.5088
Pilocarpine,208.1211778,4,0,1.1618
Zaleplon,305.1276601,5,0,2.64078
Atomoxetine,255.1623143,2,1,3.72462
Iodide I-123,122.9061376,0,0,-2.996
Naldemedine,570.2478348,9,4,3.4798
Capreomycin,1320.698394,27,27,-15.442
Melphalan,304.0745332,3,2,1.925
Quinapril,438.2154721,5,2,2.5671
Proguanil,253.1094232,2,5,2.20904
Cefprozil,389.1045417,6,4,0.7067
Avatrombopag,648.1510863,9,2,6.5814
Methoxsalen,216.0422587,4,0,2.5478
Tranylcypromine,133.0891494,1,1,1.5012
Bortezomib,384.1968857,6,4,0.3606
Pitavastatin,421.1689365,4,3,4.5181
Butalbital,224.1160924,3,2,0.961
Sulfinpyrazone,404.1194635,3,0,3.7955
Cyclandelate,276.1725446,3,1,3.478
Etoposide,588.1842911,13,3,1.3386
Sulindac,356.0882436,2,1,4.3655
Dipyridamole,504.3172518,12,4,-0.0176
Fluoxetine,309.1340489,2,1,4.435
Dexmedetomidine,200.1313485,1,1,3.17834
Fluvastatin,411.1845865,4,3,4.6281
Isocarboxazid,231.1007767,4,2,1.41762
Pyridostigmine,181.0971541,2,0,0.5715
Tapentadol,221.1779644,2,1,3.0835
Argatroban,508.2467893,6,6,0.91257
Cefpodoxime,427.0620253,10,3,-0.5392
Tiotropium,392.0984766,6,1,2.3457
Droxidopa,213.0637225,5,5,-0.4569
Amifampridine,109.0639972,3,2,0.246
Procyclidine,287.2249145,2,1,3.9404
Mitomycin,334.1277197,8,3,-1.6512
Regorafenib,482.0768809,4,3,5.6888
Selpercatinib,525.2488379,10,1,3.28438
Sildenafil,474.2049244,8,1,1.6109
Gemcitabine,263.0717623,7,3,-1.2886
Streptozocin,265.0909998,8,5,-3.0483
Lomustine,233.0931044,3,1,2.2509
Dextromethorphan,271.1936144,2,0,3.3834
Thiabendazole,201.0360682,3,1,2.6864
Obeticholic acid,420.3239599,3,3,5.114
Calcium acetate,157.9891997,4,0,-2.8684
Labetalol,328.1786926,4,4,2.1354
Zanubrutinib,471.2270398,6,2,4.2226
Rosuvastatin,481.1682848,7,3,2.4017
Vorinostat,264.1473925,3,3,2.4711
Dyphylline,254.1015049,8,2,-2.2131
Ketamine,237.0920418,2,1,2.8978
Cabergoline,451.2947254,4,2,3.1939
Alendronic acid,249.016725,4,6,-1.2732
Tasimelteon,245.1415788,2,1,2.2512
Probucol,516.3095728,4,2,9.9083
Enalapril,376.199822,5,2,1.6046
Iron sucrose,866.7641882,12,8,-15.0014
Potassium chloride,73.93255936,0,0,-5.992
Meloxicam,351.0347479,6,2,1.95092
Phensuximide,189.0789786,2,0,1.1589
Nateglinide,317.1990937,2,2,3.2609
Pexidartinib,417.0968078,4,2,5.228
Tipiracil,242.0570533,3,3,0.28967
Tetrabenazine,317.1990937,4,0,3.2381
Triamterene,253.1075934,7,3,0.8334
Carvedilol,406.1892573,5,3,3.738
Upadacitinib,380.1572439,4,2,2.9079
Ponatinib,532.2198441,6,1,4.45602
Voxelotor,337.1426415,6,1,3.6231
Ioversol,806.8646733,9,8,-2.016
Cefuroxime,424.0688845,9,3,-0.536
Avanafil,483.1785654,9,3,2.4318
Aclidinium,484.1610769,6,1,4.6668
Orphenadrine,269.1779644,2,0,3.66262
Stiripentol,234.1255944,3,1,2.8355
Fluticasone,444.158215,5,2,3.4691
Acalabrutinib,465.191323,7,2,3.3126
Glimepiride,490.2249912,5,3,3.074
Azilsartan medoxomil,568.1594137,11,1,4.70522
Chlorpromazine,318.0957473,3,0,4.8944
Paromomycin,615.2963011,19,13,-8.8617
Pergolide,314.1816698,2,1,4.2711
Isoetharine,239.1521435,4,4,1.9078
Sufentanil,386.2027992,4,0,4.2148
Midodrine,254.1266571,5,3,-0.1879
Cyproheptadine,287.1673997,1,0,4.6979
Cerivastatin,459.2421014,5,3,4.8807
Tetraferric tricitrate decahydrate,967.8325042,21,0,-25.9108
Prazosin,383.1593542,8,1,1.7846
Lopinavir,628.3624706,5,4,4.32814
Tolmetin,257.1051933,3,1,2.19162
Cholic Acid,408.2875744,4,4,3.4487
Butorphanol,327.2198292,3,2,3.3656
Netupitant,578.248031,4,0,6.78702
Propiomazine,340.1609344,4,0,4.8321
Guanidine,59.04834716,1,3,-1.16143
Trifluridine,296.0620061,6,3,-0.8039
Progesterone,314.2245802,2,0,4.7235
Hydroflumethiazide,330.9908324,5,3,0.0141
Iothalamic acid,613.7696508,3,3,2.5166
Spironolactone,416.2021305,5,0,4.8523
Loratadine,382.1448057,3,0,4.8878
Etravirine,434.0490712,7,2,4.7174
Pancuronium,572.4542112,4,0,6.1105
Sulfadoxine,310.0735759,7,2,0.8768
Levomilnacipran,246.1732133,2,1,1.7714
Ofloxacin,361.1437843,6,1,1.544
Biperiden,311.2249145,2,1,3.9624
Lenalidomide,259.0956913,4,2,0.0298
Diroximel fumarate,255.0742871,6,0,-0.5922
Caspofungin,1092.643062,18,16,-3.3119
Pimavanserin,427.2635055,3,1,4.6665
Trimethaphan,365.1682108,1,0,3.6559
Venetoclax,867.3180956,11,3,8.6599
Terbinafine,291.1986998,1,0,4.8773
Strontium chloride Sr-89,158.8451561,0,0,-6.3728
Omacetaxine mepesuccinate,545.2624818,10,2,2.5807
Isradipine,371.1481208,8,1,2.5822
Afatinib,485.1629956,7,2,4.3899
Olmesartan,446.2066387,7,3,3.6566
Rifamycin,697.3098259,12,6,4.75412
Danazol,337.2041791,3,1,4.221
Auranofin,678.132684,10,0,2.7925
Magnesium glycinate,172.0334484,6,2,-4.9908
Telotristat ethyl,574.170701,9,2,4.98862
Netilmicin,475.3005987,12,8,-3.2007
Dalfampridine,94.05309819,2,1,0.6638
Sodium bicarbonate,83.98233817,2,1,-4.1083
Gadobenic acid,668.0964876,12,2,-5.1033
Nitisinone,329.0511071,5,0,2.7346
Baricitinib,371.1164438,7,1,1.09568
Dacarbazine,182.0916089,4,2,0.0689
Mechlorethamine,155.0268547,1,0,1.3958
Edoxaban,547.1768511,8,3,1.2896
Dextroamphetamine,135.1047994,1,1,1.5763
Phentermine,149.1204495,1,1,1.9664
Tobramycin,467.2591278,14,10,-6.2958
Bepridil,366.2671137,3,0,4.8302
Altretamine,210.1592946,6,0,0.0696
Thioridazine,370.1537408,4,0,5.8856
Pipecuronium,602.4760093,6,0,3.6335
Vancomycin,1447.4302,25,19,0.1062
Piperacillin,517.1631192,7,3,-0.2403
Indapamide,365.0600901,4,2,2.0834
Mesoridazine,386.1486555,4,0,4.9011
Amitriptyline,277.1830497,1,0,4.1686
Amlodipine,408.1451996,7,2,2.2663
Digitoxin,764.4346921,13,5,3.2473
Ambrisentan,378.1579572,5,1,3.51564
Tizanidine,253.0188939,6,2,1.7158
Morphine,285.1364935,4,2,1.1981
Ferrous fumarate,169.930246,4,0,-2.9601
Lemborexant,410.1554323,5,1,3.74204
Ulipristal,433.261694,4,1,4.9722
Methohexital,262.1317424,3,1,1.3066
Clidinium,352.1907201,3,1,2.7045
Macitentan,585.9633483,8,2,3.5727
Ethambutol,204.183778,4,4,-0.2926
Magaldrate,1111.757063,39,0,-14.6935
Teriflunomide,270.0616122,3,2,2.99948
Sulfisoxazole,267.0677623,5,2,1.67444
Boceprevir,519.3420695,5,4,1.7112
Temazepam,300.0665553,3,1,2.4722
Clofedanol,289.1233419,2,1,3.5276
Delafloxacin,440.0499172,7,3,1.9177
Rifaximin,785.3523595,13,5,6.15784
Quinidine,324.183778,4,1,3.1732
Arformoterol,344.1736072,5,4,2.2233
Cinoxacin,262.0589714,6,1,0.8433
Fidaxomicin,1056.425221,18,7,6.2344
Azacitidine,244.0807695,9,4,-3.168
Levonordefrin,183.0895433,4,4,0.4784
Clonidine,229.0173526,3,2,2.3645
Nalidixic acid,232.0847922,4,1,1.42302
Propafenone,341.1990937,4,2,3.2414
Mercaptopurine,152.0156671,3,2,1.01549
Telmisartan,514.2368762,5,1,7.26442
Isavuconazonium,717.2413701,12,2,4.58458
Tretinoin,300.2089301,1,1,5.6026
Ramelteon,259.1572289,2,1,2.5676
Desipramine,266.1782987,2,1,3.5328
Ivabradine,468.2624223,6,0,3.31
Diamorphine,369.1576228,6,0,1.9886
Papaverine,339.1470582,5,0,3.86
Alosetron,294.1480612,3,1,2.40832
Eprosartan,424.1456782,5,2,4.7444
Cefditoren,506.0500807,11,3,1.29272
Dihydroergotamine,583.2794693,6,3,2.0811
Doxycycline,444.1532657,9,6,-0.3476
Doxercalciferol,412.3341306,2,2,6.6118
Cefapirin,423.0558773,8,2,0.4754
Cinacalcet,357.1704344,1,1,6.142
Clofazimine,472.1221521,4,1,7.4898
Diiodohydroxyquinoline,396.8460598,2,1,3.1496
Fosamprenavir,585.1909874,8,4,2.5198
Panobinostat,349.179027,3,4,3.32722
Fenfluramine,231.1234842,1,1,3.2459
Deutetrabenazine,323.2367542,4,0,3.2381
Calcium Phosphate,309.7946132,8,0,-6.7916
Methylphenidate,233.1415788,3,1,2.0853
Mycophenolate mofetil,433.2100523,8,1,2.52402
Entacapone,305.1011706,6,2,1.78138
Chromic chloride,156.8470655,0,0,-8.9905
Methenamine,140.1061964,4,0,-1.0198
Ledipasvir,888.4134379,8,4,8.6073
Mirtazapine,265.1578976,3,0,2.4789
Droperidol,379.1696052,4,1,3.6784
Guanabenz,230.0126016,2,2,1.6007
Acitretin,326.1881947,2,1,5.16706
Lonafarnib,636.0502281,3,1,5.9099
Loxapine,327.1138399,4,0,3.7714
Potassium citrate,305.8946475,7,1,-14.2406
Leflunomide,270.0616122,3,1,3.25412
Tubocurarine,609.2959135,7,2,6.701
Tamsulosin,408.171893,6,2,2.3409
Amphetamine,135.1047994,1,1,1.5763
Isometheptene,141.1517496,1,1,2.3407
Methysergide,353.2103271,4,2,1.9351
Dalfopristin,690.3298502,11,2,2.2693
Cevimeline,199.1030852,3,0,1.5602
Istradefylline,384.1797552,8,0,2.1241
Entecavir,277.1174893,7,4,-0.8278
Nortriptyline,263.1673997,1,1,3.8264
Guanadrel,213.1477268,3,2,0.3356
Rimegepant,534.2190952,7,2,4.49
Memantine,179.1673997,1,1,2.6941
Remimazolam,438.0691379,6,0,4.18352
Aminobenzoic acid,137.0476785,2,2,0.967
Ampicillin,349.1096271,5,3,0.3181
Penbutolol,291.2198292,3,2,3.472
Clevidipine,455.0902428,7,1,4.2452
Mephentermine,163.1360995,1,1,2.2271
Calcium chloride,109.9002963,0,0,-6.3728
Daclatasvir,738.3853313,8,4,6.222
Trihexyphenidyl,301.2405646,2,1,4.3305
Lenvatinib,426.1094828,5,3,4.0719
Sonidegib,485.1926264,5,1,5.82152
Methyldopa,211.0844579,4,4,0.4423
Nicardipine,479.2056356,8,1,3.6778
Copper gluconate,453.0305529,14,10,-9.6581
Eplerenone,414.2042387,6,0,3.1245
Voxilaprevir,868.3452611,11,3,4.9565
Oxymetholone,332.2351449,3,2,4.401
Fludeoxyglucose (18F),181.0615865,5,4,-2.4016
Guanethidine,198.1844467,2,2,0.5259
Alectinib,482.2681763,5,1,4.77328
Verapamil,454.2831577,6,0,5.09308
Fesoterodine,411.277344,4,1,5.3811
Pasireotide,1046.501424,11,9,3.3685
Chlorzoxazone,168.993056,2,1,1.7745
Cabotegravir,405.1136271,6,2,0.9627
Benzphetamine,239.1673997,1,0,3.7496
Midazolam,325.0782033,3,0,4.32422
Rocuronium,529.3999846,5,1,4.4075
Selumetinib,456.0000083,6,3,3.5256
Phenindamine,261.1517496,1,0,3.9212
Foscarnet,125.9718098,2,3,-0.1579
Bismuth subcitrate potassium,779.790337,14,0,-27.13
Vortioxetine,298.1503697,3,1,3.86424
Cladribine,285.0628669,8,3,-0.2974
Cannabidiol,314.2245802,2,2,5.8465
Dantrolene,314.0651194,6,1,1.7405
Amisulpride,369.1722273,6,2,1.2851
Iopromide,790.8697587,8,6,-0.4065
Iopodic acid,597.8111217,2,1,3.739
Dichloralphenazone,515.9346878,7,4,2.81902
Lomitapide,693.2789967,3,2,8.3821
Methoxamine,211.1208434,4,2,1.0844
Halothane,195.8902245,0,0,2.5085
Tolcapone,273.0637225,5,2,2.54542
Alfentanil,416.2535889,8,0,1.3839
Naloxegol,651.3618615,12,2,1.8635
Hydroxocobalamin,1345.567066,17,10,-0.21626
Triethylenetetramine,146.1531466,4,4,-1.917
Thiothixene,443.1701192,5,0,3.4707
Opicapone,411.9977394,8,2,3.28004
Fentanyl,336.2201635,2,0,4.1367
Cisatracurium,928.5074286,12,0,8.0655
Bromfenac,333.0000553,3,2,2.8894
Uracil mustard,251.022832,3,2,0.3472
Pemigatinib,487.2031108,6,1,3.657
Paraldehyde,132.0786442,3,0,1.0878
Tacrine,198.1156984,2,1,2.6958
Trimethoprim,290.1378904,7,2,1.2576
Ciclesonide,540.3087037,7,1,4.7039
Cefixime,453.0412898,10,4,-0.5448
Omadacycline,556.2896996,10,6,1.3223
Dutasteride,528.2211475,2,2,6.5761
Phenelzine,136.1000484,2,2,0.6924
Desflurane,168.000984,1,0,2.0835
Stavudine,224.0797069,5,2,-0.70908
Nefazodone,469.2244529,7,0,3.5519
Pralsetinib,533.2662995,9,3,4.20014
Fostemsavir,583.1580474,11,2,1.16812
Tolterodine,325.2405646,2,1,5.34142
Oxandrolone,306.2194948,3,1,3.5431
Iloperidone,426.1954856,6,0,4.8266
Iopamidol,776.8541087,8,8,-1.0143
Calcium glubionate anhydrous,592.1163698,19,13,-9.697
Cefradine,349.1096271,5,3,0.3486
Artemether,298.1780239,5,0,2.8408
Sapropterin,241.1174893,7,6,-1.7002
Trimetrexate,369.1800896,8,3,2.74052
Mestranol,310.1932801,2,1,3.9156
Apraclonidine,244.0282517,4,3,1.9467
Cangrelor,774.9483131,15,7,2.8505
Pamidronic acid,235.001075,4,6,-1.6633
Erdafitinib,446.2430242,8,1,4.1836
Levamisole,204.0721194,3,0,2.1461
Risedronic acid,283.001075,4,5,-0.3744
Mecamylamine,167.1673997,1,1,2.4206
Tolazoline,160.1000484,2,1,1.2308
Frovatriptan,243.1371622,2,3,1.3435
Bretylium,242.0538881,0,0,3.0454
Zinc sulfate,159.8808717,4,0,-1.3405
Ergometrine,325.179027,3,3,1.5346
Zinc acetate,181.9557509,4,0,-2.4901
Gallium chloride Ga-67,171.8347597,0,0,-9.3688
Clorazepic acid,314.0458199,3,2,2.5827
Prucalopride,367.1662694,5,2,2.0878
Methocarbamol,241.0950226,5,2,0.5302
Ceftolozane,666.1750979,16,7,-3.9033
Aurothioglucose,391.9992882,6,4,-2.0187
Valproic acid,144.1150298,1,1,2.2874
Zinc gluconate,454.0300976,14,10,-9.6581
Glecaprevir,838.2983109,11,3,3.8568
Rasagiline,171.1047994,1,1,1.8967
Dacomitinib,469.1680809,6,2,5.1551
Rotigotine,315.1656854,3,1,4.2657
Ropivacaine,274.2045135,2,1,3.50644
Phenoxymethylpenicillin,350.0936427,5,2,0.6971
Desogestrel,310.2296656,1,1,4.8697
Dexmethylphenidate,233.1415788,3,1,2.0853
Sugammadex,2000.408873,48,24,-7.6816
Phenylbutyric acid,164.0837296,1,1,2.0939
Ceftibuten,410.0354762,8,4,-0.0482
Fluoxymesterone,336.210073,3,2,3.3322
Iopanoic acid,570.8002226,2,2,3.7359
Simeprevir,749.2916908,10,2,5.25412
Potassium gluconate,234.0141844,7,5,-7.8238
Nizatidine,331.1136669,8,2,1.3225
Velpatasvir,882.4064607,10,4,7.7315
Silodosin,495.2344912,6,3,3.0711
Dobutamine,301.1677936,4,4,2.9568
Etonogestrel,324.2089301,2,1,4.0487
Metaxalone,221.1051933,3,1,1.79064
Avapritinib,498.2404191,10,1,2.6077
Liotrix,1471.44064,10,4,-0.1514
Homatropine,275.1521435,4,1,1.8884
Piperazine,86.08439832,2,2,-0.8208
Tiludronic acid,317.9283599,3,4,2.0711
Metyrosine,195.0895433,3,3,0.7367
Gadobutrol,605.1332075,9,3,-7.9118
Tyropanoic acid,640.8420874,2,2,4.8923
Cefoperazone,645.1424008,13,4,-1.112
Fingolimod,307.2511293,3,3,3.2043
Famciclovir,321.1437041,9,1,0.541
Meprobamate,218.1266571,4,2,0.9834
Tazemetostat,572.3362559,6,2,4.73466
Elvitegravir,447.1248787,5,2,4.281
Bismuth subsalicylate,361.9991823,4,1,0.213
Levacetylmethadol,353.2354792,3,0,4.6546
Potassium Iodide,165.8681797,0,0,-5.992
Oxymorphone,301.1314081,5,2,0.7452
Gadoteric acid,559.0913427,11,1,-6.4577
Fosnetupitant,688.2249262,6,1,5.73662
Alvimopan,424.2362075,4,3,3.0514
Mifepristone,429.2667794,3,1,5.4065
Methsuximide,203.0946287,2,0,1.333
Prasterone enantate,400.2977451,3,0,6.4005
Nitrofurantoin,238.0338193,6,1,0.0735
Leucovorin,473.1658961,9,7,-0.7311
Ceftaroline fosamil,684.0102803,14,4,-0.115
Cefotaxime,455.0569399,11,3,-0.6225
Tirofiban,440.2344933,5,3,2.9505
Brexanolone,318.2558803,2,1,4.5952
Aztreonam,435.0518545,10,3,-2.2239
Ascorbic acid,176.032088,6,4,-1.4074
Topiramate,339.0987876,8,1,-0.3954
Bempedoic acid,344.2562743,3,3,4.4699
Halofantrine,499.1656546,2,1,8.6443
Fenoldopam,305.0818711,4,4,2.7344
Pentostatin,268.117155,8,4,-1.1798
Rabeprazole,359.1303625,5,1,2.98942
Pentazocine,285.2092645,2,1,3.8826
Gadoxetic acid,682.1121377,12,2,-4.6787
Zileuton,236.0619486,3,2,2.7322
Gadoteridol,559.1277282,11,1,-6.1615
Halazepam,352.0590253,2,0,4.0863
Atovaquone,366.1022721,3,1,5.5051
Ceftriaxone,554.0460579,14,4,-1.6113
Sodium aurothiomalate,389.9213118,5,0,-8.5521
Clindamycin,424.1798708,7,4,0.3895
Glutamic acid,147.0531578,3,3,-0.7369
Raltegravir,444.155746,9,3,0.91152
Cefaclor,367.0393546,5,3,0.6213
Bleomycin,1414.518432,31,20,-7.70358
Difenoxin,424.2150781,3,1,5.00478
Doxapram,378.2307282,3,0,3.1733
Sulfadiazine,250.0524466,5,2,0.8596
Dicloxacillin,469.026597,6,2,3.20212
Zoledronic acid,271.9963239,5,5,-1.1154
Finasteride,372.2776784,2,2,3.8145
Colistimethate,1633.59152,33,18,-9.7734
Indium In-111 pentetate,501.0199718,11,2,-7.0695
Lacosamide,250.1317424,3,2,0.4539
Amoxicillin,365.1045417,6,4,0.0237
Eravacycline,558.2125922,10,6,0.294
Armodafinil,273.0823497,2,1,2.01
Alprostadil,354.2406242,4,3,3.4751
Iodine,253.808946,0,0,1.7714
Bromotheophylline,257.9752376,5,1,-0.2772
Clofibrate,242.070972,3,0,3.0605
Edrophonium,166.1226406,1,1,1.979
Cefepime,480.1249599,10,2,-1.2799
Bupivacaine,288.2201635,2,1,3.89654
Lamotrigine,255.0078506,5,2,2.0098
Zolmitriptan,287.1633769,3,2,1.9229
Moexipril,498.2366014,7,2,2.5843
Nicotinamide,122.0480128,2,1,0.1805
Tocainide,192.1262631,2,2,1.58914
Monopotassium phosphate,135.9327769,2,2,-4.5566
Cefonicid,542.0348245,12,4,-0.9173
Gadodiamide,574.1022417,11,2,-7.3659
Amrinone,187.0745619,3,2,1.0191
Cidofovir,279.0620218,7,4,-1.6618
Calcium glucoheptonate,490.0846757,16,12,-11.3146
Moxifloxacin,401.1750845,6,2,2.3705
Dolutegravir,419.1292771,6,2,1.3528
Melatonin,232.1211778,2,2,1.8551
Phenacemide,178.0742276,2,2,0.424
Adenosine,267.0967539,9,4,-1.98
Metocurine,652.3501401,6,0,7.4516
Flumazenil,303.1019195,5,0,1.7737
Levoleucovorin,473.1658961,9,7,-0.7311
Citric acid,192.0270026,4,4,-1.2485
Carmustine,213.0071819,3,1,1.157
Miltefosine,407.3164456,4,0,5.6755
Methylnaltrexone,356.1856347,4,2,1.67
Penicillamine,149.0510496,3,3,0.1067
Metyrapone,226.1106131,3,0,2.6371
Ferrous sulfate anhydrous,151.886667,4,0,-1.3405
Tromethamine,121.0738932,4,4,-2.3392
Sofosbuvir,529.1625444,10,3,1.6565
Meticillin,380.1042074,6,2,0.9491
Moricizine,427.1565773,6,1,4.1066
Sacubitril,411.204573,4,2,3.835
Desloratadine,310.1236763,2,1,4.0189
Lesinurad,402.9990098,5,1,4.2371
Mezlocillin,539.1144548,8,3,-0.2338
Tryptophan,204.0898776,2,3,1.1223
Trametinib,615.0778804,8,2,3.94012
Acetohydroxamic acid,75.0320284,2,2,-0.4883
Stanozolol,328.2514636,2,2,4.1181
Ethchlorvynol,144.0341926,1,1,1.5132
Tafenoquine,463.2082764,6,2,5.91082
Edetate disodium anhydrous,336.054554,8,2,-10.7326
Decitabine,228.0858549,8,3,-2.1388
Vigabatrin,129.0789786,2,2,0.3645
Metaraminol,167.0946287,3,3,0.7728
Misoprostol,382.2719243,5,2,3.9536
Pyrimethamine,248.0828741,4,2,2.5238
Almotriptan,335.166748,3,1,2.1976
Potassium bicarbonate,99.95627557,2,1,-4.1083
Bacampicillin,465.1569712,9,2,1.2958
Cefadroxil,363.0888916,6,4,0.1505
Norgestrel,312.2089301,2,1,3.8826
Testosterone,288.2089301,2,1,3.8792
Fenofibric acid,318.0658866,3,1,3.813
Chloral hydrate,163.9198624,2,2,0.6673
Allopurinol,136.0385107,4,2,0.0585
Meropenem,383.1514919,6,3,-0.308
Propylthiouracil,170.0513839,2,2,1.38499
Acyclovir,225.0861892,7,3,-1.3318
Fenofibrate,360.1128368,4,0,4.68
Phenoxybenzamine,303.138992,2,0,4.1949
Riluzole,234.0074684,4,1,2.7771
Cloxacillin,435.0655694,6,2,2.54872
Mebrofenin,386.0477338,4,3,1.78406
Cefoxitin,427.0507919,8,3,0.0986
Pregabalin,159.1259288,2,2,1.0821
Sulfamethoxazole,253.0521122,5,2,1.36602
Gadopentetic acid,548.0389727,11,2,-6.6887
Solriamfetol,194.1055277,3,2,0.6517
Cisapride,465.1830623,6,2,3.3581
Potassium perchlorate,137.9122178,4,0,-7.752
Enflurane,183.9714335,1,0,2.3528
Raloxifene,473.1660793,6,2,6.0752
Thallous Chloride,239.9432802,0,0,0.3087
Norepinephrine,169.0738932,4,4,0.0899
Lamivudine,229.0521122,7,2,-0.5941
Cephalexin,347.093977,5,3,0.4449
Ceftizoxime,383.0358105,9,3,-0.5558
Arbutamine,317.1627082,5,5,2.4493
Regadenoson,390.1400157,12,5,-2.4347
Pretomanid,359.0729051,7,0,2.6677
Sodium ferric gluconate complex,2088.475923,62,45,-35.1632
Probenecid,285.1034791,3,1,2.1955
Sodium zirconium cyclosilicate,363.7714484,9,0,-14.4761
Imipenem,299.093977,5,3,-0.3857
Bethanechol,161.1284542,2,1,0.1764
Cefotetan,575.0021445,14,4,-1.3975
Valaciclovir,324.1546031,9,3,-0.7976
Emtricitabine,247.0426904,7,3,-0.21233
Lutetium Lu 177 dotatate,1608.515092,25,14,-7.3787
Cefamandole,462.0780097,10,3,-0.2256
Phylloquinone,450.3497807,2,0,9.1576
Isoflurane,183.9714335,1,0,2.3528
Bismuth subgallate,393.9890116,5,3,-0.1612
Sodium acetate,82.00307362,2,0,-4.2398
Gadofosveset trisodium,958.1025513,17,0,-14.547
Potassium acetate,97.97701102,2,0,-4.2398
Nitroglycerin,227.0025787,9,0,-1.0201
Dexrazoxane,268.117155,6,2,-2.7083
Cefazolin,454.0300139,12,2,-0.63608
Doripenem,420.1137265,7,5,-1.6031
Nicotine,162.1156984,2,0,1.8483
Gadoversetamide,662.1546712,13,2,-7.3327
Testolactone,300.1725446,3,0,3.5899
Ammonium chloride,53.00322681,0,1,-2.6198
Samarium (153Sm) lexidronam,585.8952929,9,5,-3.7648
Elbasvir,881.4224451,10,4,8.116
Fospropofol,288.1126604,3,2,3.379
Ertapenem,475.1413211,7,5,0.9407
Isosorbide,146.0579088,4,2,-1.4942
Selenium,79.9165213,0,0,-0.3808
Ceftazidime,546.099139,11,3,-1.2992
Lactic acid,90.03169405,2,2,-0.5482
Aminosalicylic acid,153.0425931,3,3,0.6726
Mirabegron,396.161997,6,4,2.7722
Elexacaftor,597.2345082,10,1,4.02002
Oseltamivir,312.2049074,5,2,1.2854
Loracarbef,349.0829337,4,3,0.7108
Oxitriptan,220.0847922,3,4,0.8279
Dextrothyroxine,776.6866998,4,3,4.5573
Rizatriptan,269.1640456,4,1,1.9118
Mecobalamin,1343.587801,16,9,0.92454
Doravirine,425.0502516,7,1,2.65458
Creatine,131.0694765,2,3,-1.10373
Amcinonide,502.2366817,7,1,3.5238
Ursodeoxycholic acid,392.2926598,3,3,4.4779
Lipoic acid,206.0435217,3,1,2.7851
Cyanocobalamin,1354.5674,21,9,2.72222
Methionine,149.0510496,3,2,0.1514
Zinc chloride,133.8668476,0,0,-5.9945
Pyridoxine,169.0738932,4,3,0.08022
Docusate,422.2338246,6,1,4.1521
Benzylpenicillin,334.0987281,4,2,0.8608
Tegaserod,301.1902604,3,4,2.81457
Acetylcysteine,163.0303141,3,3,-0.4945
Abacavir,286.1542092,7,3,1.0923
Varenicline,211.1109474,3,1,1.8039
Tranexamic acid,157.1102787,2,2,0.8361
Daptomycin,1619.710366,24,22,-5.6218
Procaine,236.1524779,4,1,1.7674
"Sodium phosphate, monobasic",119.9588395,2,2,-4.5566
Nalmefene,339.1834437,4,2,2.5125
Aminocaproic acid,131.0946287,2,2,0.5901
Yohimbine,354.1943427,4,2,2.6471
Lutein,568.428031,2,2,10.4033
Beta carotene,536.4382018,0,0,12.6058
Ezetimibe,409.14895,3,2,4.8883
Melphalan flufenamide,497.1648254,5,2,3.2701
Vitamin A,286.2296656,1,1,5.5103
Dienogest,311.188529,3,1,3.83718
Dehydrocholic acid,402.2406242,4,1,4.0733
Naratriptan,335.166748,3,2,2.0688
Carbenicillin,378.0885573,5,3,0.4865
Fosfomycin,138.0081953,2,2,-0.0911
Levomefolic acid,459.1866315,9,7,-0.2577
Rimantadine,179.1673997,1,1,2.55
Nifurtimox,287.0575915,7,0,0.6406
Pyrazinamide,123.0432618,3,1,-0.4245
Aminolevulinic acid,131.0582431,3,2,-0.621
Sodium oxybate,126.0292884,3,1,-4.4872
Etelcalcetide,1047.52907,16,22,-7.22862
Methacholine,160.1332052,2,0,0.6442
Fomepizole,82.05309819,1,1,0.71812
Dimercaprol,124.0016569,3,3,0.2069
Sumatriptan,295.1354479,3,2,1.3212
Prilocaine,220.1575633,2,2,2.32162
Gallium nitrate,254.8890272,9,0,-1.0981
Cycloserine,102.0429274,3,2,-1.6249
Cefiderocol,751.14971,14,6,-0.1817
Ferumoxytol,231.784471,0,0,-0.4827
Oxygen,31.98982924,2,0,0.067
Ribavirin,244.0807695,8,4,-3.0115
Triheptanoin,428.3137891,6,0,5.8958
Edetate calcium disodium anhydrous,374.0014949,10,0,-13.7828
Nitric Oxide,29.99798862,1,0,-0.4471
Tivozanib,454.1043974,7,2,5.63812
Tigecycline,585.2798632,11,7,0.5132
Valrubicin,723.2138749,13,5,2.4622
Hexaminolevulinate,215.1521435,4,1,1.4179
Clomifene,405.1859422,2,0,6.5626
Clavulanic acid,199.0480724,4,2,-1.0956
Phenazopyridine,213.1014454,5,2,2.6614
Copper oxodotreotide Cu-64,1496.508923,24,15,-6.0465
Pemoline,176.0585775,3,1,0.5992
Nitrous oxide,44.00106262,1,0,-0.1584
